country_name,year,health_expense,total_gov_expense,education_expense,capital_formation_exp,military_expense,r&d_expense,total_gdp,log_gdp
Bangladesh,2001,1.77201855,7.852792471,2.171930075,24.17430673,1.288422776,0.581855,53991289844,10.7323237
Bangladesh,2002,1.93417108,7.887123728,2.017149925,24.34141614,1.048366463,0.581855,54724081491,10.73817848
Bangladesh,2003,1.96152198,7.836050278,2.069400072,24.67918886,1.002633098,0.581855,60158929188,10.7793001
Bangladesh,2004,1.99854314,7.604976598,1.940140009,24.99183394,0.998859774,0.581855,65108544250,10.81363799
Bangladesh,2005,2.05873919,8.14262834,1.940140009,25.83043551,0.97281009,0.581855,69476001239,10.84183481
Bangladesh,2006,2.10646582,8.334937302,2.131289959,26.14414575,0.989838837,0.581855,71795736172,10.85609865
Bangladesh,2007,2.17268491,8.662793141,2.202219963,26.17849707,0.997091964,0.581855,79611644975,10.9009766
Bangladesh,2008,2.11878848,9.428781171,2.05456996,26.2022714,0.938215292,0.581855,91636997371,10.96207085
Bangladesh,2009,2.18321705,9.871583603,1.939419985,26.20605702,1.028939548,0.581855,1.02E+11,11.0106186
Bangladesh,2010,2.28807664,9.266251067,1.939419985,26.24665618,1.184384017,0.581855,1.15E+11,11.06173717
Bangladesh,2011,2.36418128,9.843884578,2.132699966,27.42097337,1.217668949,0.581855,1.29E+11,11.10926624
Bangladesh,2012,2.3537879,9.638538733,2.175499916,28.26233501,1.180897234,0.581855,1.33E+11,11.12486516
Bangladesh,2013,2.29574466,9.507119611,1.966169953,28.38962075,1.113729429,0.581855,1.50E+11,11.17608824
Bangladesh,2014,2.27915168,9.504436491,2.098716631,28.57787571,1.136443272,0.581855,1.73E+11,11.23776136
Bangladesh,2015,2.27217698,9.00588487,1.872254171,28.88668925,1.208517107,0.581855,1.95E+11,11.29036101
Bangladesh,2016,2.38938212,7.862768135,1.281839967,30.23976392,1.225900499,0.581855,2.65E+11,11.42361367
Bangladesh,2017,2.36720181,7.639874368,2.113428754,30.94687312,1.127581253,0.581855,2.94E+11,11.46795192
Bangladesh,2018,2.31622243,7.494145018,2.094774735,31.82257477,1.153957491,0.581855,3.21E+11,11.50699554
Bangladesh,2019,2.12712646,8.272315877,1.130949974,32.21373311,1.244100823,0.581855,3.51E+11,11.54559365
Bangladesh,2020,2.18254924,8.148320246,2.139743517,31.30794134,1.244689509,0.581855,3.74E+11,11.57284773
Bangladesh,2021,2.26678729,8.324251342,2.170908825,31.01873874,1.1687306,0.581855,4.16E+11,11.61937683
Bangladesh,2022,2.21544909,8.324251342,2.085386578,32.04727558,0.990983394,0.581855,4.60E+11,11.66288214
Bangladesh,2023,2.17014575,8.324251342,2.162138263,30.95120008,0.919471499,0.581855,4.37E+11,11.640894
China,2001,4.19752026,16.1647367,3.897140026,35.52385801,1.983086244,0.92948,1.36E+12,12.13195102
China,2002,4.32156181,16.1647367,3.897140026,36.06878168,2.059364653,1.04418,1.49E+12,12.17313429
China,2003,4.35460472,16.1647367,3.897140026,39.42801303,1.996288936,1.10465,1.68E+12,12.22631715
China,2004,4.22949076,16.1647367,3.897140026,41.63437416,1.938508233,1.19732,1.98E+12,12.29758469
China,2005,4.11230803,16.1647367,3.897140026,40.1780867,1.871858023,1.29008,2.32E+12,12.36502936
China,2006,3.88655019,16.1647367,3.897140026,39.68970035,1.869591636,1.34923,2.79E+12,12.44583739
China,2007,3.61737728,16.1647367,3.897140026,40.22208792,1.750164585,1.35321,3.60E+12,12.55679151
China,2008,3.83627748,16.1647367,3.897140026,41.96072494,1.716042546,1.4233,4.67E+12,12.66907004
China,2009,4.27631998,16.1647367,3.897140026,44.92826389,1.893523796,1.6366,5.19E+12,12.71513197
China,2010,4.15821123,16.1647367,3.897140026,46.10234433,1.733519862,1.68456,6.19E+12,12.79187057
China,2011,4.26719379,16.1647367,3.897140026,46.27030128,1.659082516,1.75244,7.67E+12,12.88489485
China,2012,4.49046612,16.1647367,3.897140026,45.81692117,1.700942672,1.88095,8.67E+12,12.93820263
China,2013,4.63882637,16.1647367,3.897140026,45.92240935,1.714340923,1.96246,9.74E+12,12.98869824
China,2014,4.69880247,16.1647367,3.897140026,45.31153527,1.738409288,1.98475,1.07E+13,13.02834889
China,2015,4.85367584,16.1647367,3.897140026,42.73498726,1.776771069,2.01703,1.13E+13,13.05234047
China,2016,4.88338089,16.1647367,3.897140026,42.13861662,1.76888659,2.0595,1.15E+13,13.05903392
China,2017,4.9695034,16.1647367,3.897140026,42.54973755,1.711242644,2.07771,1.25E+13,13.09821299
China,2018,5.06933308,16.1647367,3.897140026,43.31382749,1.673578209,2.10232,1.41E+13,13.15068786
China,2019,5.26516867,16.1647367,3.897140026,42.66953741,1.682911012,2.20144,1.46E+13,13.16316636
China,2020,5.50441837,16.1647367,3.897140026,42.57237351,1.756699471,2.35712,1.50E+13,13.17598743
China,2021,5.25590324,16.1647367,3.897140026,42.68226129,1.605259718,2.38165,1.82E+13,13.26011192
China,2022,5.88078785,16.1647367,3.897140026,42.35543335,1.630533892,2.4945,1.83E+13,13.26284877
China,2023,5.94388866,16.1647367,3.897140026,41.12971025,1.664848897,2.57729,1.83E+13,13.26174703
India,2001,4.33754253,15.54562552,3.61342001,29.90788898,2.924435546,0.73591,4.85E+11,11.68613568
India,2002,4.31453371,16.05294821,3.61342001,30.25130012,2.82686683,0.72567,5.15E+11,11.7117559
India,2003,4.07877731,15.57759372,3.61342001,30.83969994,2.677776932,0.71929,6.08E+11,11.78368973
India,2004,4.02679491,15.133483,3.352540016,35.0964917,2.828752248,0.7569,7.09E+11,11.85073978
India,2005,3.85508275,15.17398359,3.188760042,37.42826402,2.910587502,0.82411,8.20E+11,11.91401706
India,2006,3.66901541,15.18947956,3.142849922,38.99850637,2.68038156,0.80473,9.40E+11,11.97324791
India,2007,3.58103991,15.25786002,3.142849922,41.95079823,2.478246528,0.80507,1.22E+12,12.08519651
India,2008,3.58856082,17.22767043,3.142849922,38.42241965,2.631460781,0.85876,1.20E+12,12.0787812
India,2009,3.54637694,16.85189271,3.278249979,39.25679176,3.129384727,0.83314,1.34E+12,12.12771627
India,2010,3.33625913,16.50513595,3.377690077,39.78562418,2.889463272,0.78849,1.68E+12,12.22417437
India,2011,3.24634218,14.4898394,3.79618001,39.59042186,2.704482223,0.75502,1.82E+12,12.26079902
India,2012,3.32935286,16.1667124,3.867500067,38.34741567,2.618166348,0.74399,1.83E+12,12.26189008
India,2013,3.74944186,16.63868255,3.844670057,34.0231979,2.54882489,0.70642,1.86E+12,12.26874677
India,2014,3.61956549,14.80313764,3.898780232,34.26780563,2.543981765,0.70158,2.04E+12,12.30944416
India,2015,3.59565973,15.12569036,4.114560127,32.11673014,2.457450061,0.6931,2.10E+12,12.32296076
India,2016,3.50430417,15.27195003,4.254069805,30.17269058,2.543151521,0.66984,2.29E+12,12.36074425
India,2017,2.93597651,15.61410992,4.305439949,30.98217283,2.531511361,0.66603,2.65E+12,12.42348742
India,2018,2.8584938,15.66313192,4.363749981,32.34321822,2.424284526,0.66001,2.70E+12,12.43183474
India,2019,2.95299792,15.66313192,3.897320032,30.09619757,2.545998231,0.65942,2.84E+12,12.45264593
India,2020,3.34146094,15.66313192,4.29335022,28.92238401,2.803615811,0.64558,2.67E+12,12.42729969
India,2021,3.34680939,15.66313192,4.629499912,32.11582218,2.46874153,0.64558,3.17E+12,12.50068517
India,2022,3.39623499,13.33351785,4.098658142,33.61925854,2.383098098,0.64558,3.35E+12,12.52453986
India,2023,3.33944035,13.33351785,4.098658142,33.36231036,2.356794267,0.64558,3.64E+12,12.56092108
Indonesia,2001,2.11850214,15.71344559,2.460030079,22.53926632,0.572792653,0.04756,1.60E+11,11.20533146
Indonesia,2002,1.98062706,15.71344559,2.645689964,21.40407021,0.700120209,0.04756,1.96E+11,11.29150341
Indonesia,2003,2.24837184,16.25792782,3.217999935,25.59849839,0.909285037,0.04756,2.35E+11,11.37064716
Indonesia,2004,2.12002277,16.85393655,2.748460054,24.05636637,0.945714622,0.04756,2.57E+11,11.40965738
Indonesia,2005,2.53189397,16.85393655,2.872819901,25.08140994,0.750789394,0.04756,2.86E+11,11.45616648
Indonesia,2006,2.61946416,16.85393655,2.872819901,25.40021729,0.658702778,0.04756,3.65E+11,11.56178154
Indonesia,2007,2.82385564,16.85393655,3.044260025,24.92028385,0.712361931,0.04756,4.32E+11,11.63570158
Indonesia,2008,2.54842305,18.44856509,2.901900053,27.81624458,0.578945804,0.04756,5.10E+11,11.70776483
Indonesia,2009,2.62324095,15.3672984,3.525130033,30.98519241,0.571133892,0.08332,5.40E+11,11.73205591
Indonesia,2010,2.7908783,15.3672984,2.81227994,32.88012145,0.617587092,0.08332,7.55E+11,11.87800111
Indonesia,2011,2.98942471,15.3672984,3.189440012,32.98433326,0.653776703,0.08332,8.93E+11,11.95083643
Indonesia,2012,2.91427088,15.3672984,3.407480001,35.07159361,0.711549473,0.08332,9.18E+11,11.96278113
Indonesia,2013,2.86934805,15.3672984,3.359040022,33.83135679,0.918769839,0.0847,9.13E+11,11.96024436
Indonesia,2014,2.96433568,15.3672984,3.288009882,34.60034391,0.777855178,0.0847,8.91E+11,11.9497874
Indonesia,2015,2.92428517,15.3672984,3.583610058,34.06279218,0.882266734,0.0847,8.61E+11,11.93492962
Indonesia,2016,3.02147198,15.3672984,1.210234525,33.8587393,0.792220213,0.24535,9.32E+11,11.96935876
Indonesia,2017,2.90417194,15.3672984,1.053243825,33.7105948,0.865191376,0.23805,1.02E+12,12.00673071
Indonesia,2018,2.86757827,15.3672984,0.994436461,34.57058583,0.71892819,0.22632,1.04E+12,12.01798088
Indonesia,2019,2.87862897,15.3672984,0.964399078,33.78014238,0.728563744,0.27129,1.12E+12,12.04886885
Indonesia,2020,3.42067289,15.3672984,1.015932213,32.34341205,0.886277729,0.28068,1.06E+12,12.02491845
Indonesia,2021,3.70634937,15.3672984,1.032217507,31.44887249,0.741525845,0.28068,1.19E+12,12.07427129
Indonesia,2022,2.69389749,15.3672984,0.86394335,29.74531382,0.768012604,0.28068,1.32E+12,12.12027811
Indonesia,2023,2.70239949,15.3672984,1.275170882,30.34258647,0.82110812,0.28068,1.37E+12,12.13709108
Kazakhstan,2001,3.47098041,13.56821609,3.029700041,26.87642284,0.999817479,0.22009,22152689180,10.34542645
Kazakhstan,2002,3.6148138,12.69109798,3.029700041,27.28772328,0.998337702,0.25509,24636598527,10.39158075
Kazakhstan,2003,3.72335005,13.88722184,3.029700041,25.70391259,1.029927459,0.25246,30833692900,10.48902554
Kazakhstan,2004,3.98307681,14.07074278,2.25590992,26.31108968,0.988239741,0.24837,43151647003,10.63499738
Kazakhstan,2005,3.90172958,14.07074278,2.263530016,30.96976804,1.036321239,0.28361,57123671734,10.75681611
Kazakhstan,2006,3.39824843,14.07074278,2.626790047,33.90079132,0.978998796,0.24281,81003864630,10.90850574
Kazakhstan,2007,2.70314813,14.07074278,2.831389904,35.52669949,1.296876822,0.20884,1.05E+11,11.02056808
Kazakhstan,2008,3.02569842,14.07074278,2.58946991,27.5064843,1.154668506,0.21654,1.33E+11,11.1252914
Kazakhstan,2009,3.47355628,14.07074278,3.06072998,29.41456452,1.103033241,0.22924,1.15E+11,11.06186203
Kazakhstan,2010,2.73641396,16.46783199,3.587354817,25.37354902,1.014415565,0.15341,1.48E+11,11.17040063
Kazakhstan,2011,2.60236669,15.20707592,3.614340174,22.99814602,0.936513585,0.15349,1.93E+11,11.28471595
Kazakhstan,2012,3.03725982,15.79604355,3.901637013,25.22966023,1.046906371,0.16525,2.08E+11,11.31806035
Kazakhstan,2013,2.66286755,14.60898154,3.445648866,24.56960536,1.078084604,0.17132,2.37E+11,11.37407825
Kazakhstan,2014,2.97468448,15.30891499,3.429039545,25.79024724,1.041692133,0.16722,2.21E+11,11.34520824
Kazakhstan,2015,3.04051113,15.48714271,2.788589954,27.9079156,1.109721547,0.16951,1.84E+11,11.26573361
Kazakhstan,2016,3.42235589,16.3309403,2.978090048,27.82758289,0.933551765,0.14179,1.37E+11,11.13760196
Kazakhstan,2017,3.0524447,19.02613921,2.750819921,26.35248253,0.831894968,0.12667,1.67E+11,11.22221112
Kazakhstan,2018,2.90062451,14.70504331,2.615950108,25.25821271,0.835625758,0.11683,1.79E+11,11.25367711
Kazakhstan,2019,2.87143755,16.06421255,2.856970072,27.62757495,1.020916367,0.11841,1.82E+11,11.25927649
Kazakhstan,2020,3.83133817,16.83286427,4.446203802,28.80691536,0.907188676,0.12602,1.71E+11,11.23320525
Kazakhstan,2021,3.98701859,17.11651935,4.385693976,26.53343559,0.819281684,0.13023,1.97E+11,11.29471363
Kazakhstan,2022,3.74577999,16.1647367,4.361853609,24.97590958,0.51743585,0.11715,2.25E+11,11.35313948
Kazakhstan,2023,3.76701546,17.44578115,4.864699841,28.15713554,0.440775673,0.14449,2.62E+11,11.41803616
"Korea, Rep.",2001,4.16983986,15.75792806,4.242479801,31.86659462,2.280233817,2.19872,5.68E+11,11.75401546
"Korea, Rep.",2002,3.90854764,14.89874529,4.242479801,31.30628974,2.169447754,2.13042,6.50E+11,11.81292297
"Korea, Rep.",2003,4.46640348,16.68837784,4.242479801,32.3968628,2.175241245,2.19657,7.29E+11,11.86243939
"Korea, Rep.",2004,4.43287992,16.5416136,4.242479801,32.68468604,2.165788324,2.35292,8.23E+11,11.91553232
"Korea, Rep.",2005,4.65223551,17.14392085,4.242479801,32.71436043,2.280401789,2.42725,9.72E+11,11.98755023
"Korea, Rep.",2006,4.95851803,17.84113661,4.242479801,33.0040208,2.298923819,2.61516,1.10E+12,12.03948373
"Korea, Rep.",2007,4.95834208,17.30822333,4.242479801,33.24913778,2.270935375,2.75895,1.22E+12,12.08668433
"Korea, Rep.",2008,5.24642324,17.57483548,4.242479801,33.70383489,2.388507679,2.86774,1.09E+12,12.03805585
"Korea, Rep.",2009,5.68525076,18.53410854,4.242479801,29.55800799,2.499901538,3.02145,9.83E+11,11.99258234
"Korea, Rep.",2010,5.79390717,16.90069318,4.242479801,32.7792422,2.361227923,3.17913,1.19E+12,12.07657856
"Korea, Rep.",2011,5.90292883,17.38911832,4.242479801,33.26134307,2.37114289,3.44409,1.31E+12,12.11630997
"Korea, Rep.",2012,5.9576025,23.57646749,4.242479801,31.21495877,2.392059497,3.6852,1.34E+12,12.12559302
"Korea, Rep.",2013,6.06858635,22.9599102,4.242479801,29.89901831,2.391287073,3.77487,1.43E+12,12.15675192
"Korea, Rep.",2014,6.24487352,22.52974988,4.242479801,29.78938834,2.413272311,3.88983,1.56E+12,12.19208004
"Korea, Rep.",2015,6.46202612,22.37275398,4.242479801,29.31220329,2.376371228,3.78907,1.54E+12,12.18729853
"Korea, Rep.",2016,6.6356945,22.32168326,4.115029812,29.98239633,2.335799842,3.78638,1.58E+12,12.19842353
"Korea, Rep.",2017,6.79827499,22.74213233,4.107759953,31.96529127,2.298131073,4.07341,1.71E+12,12.23304608
"Korea, Rep.",2018,7.14222002,23.56743006,4.216450214,31.24865313,2.361509679,4.27155,1.82E+12,12.2610847
"Korea, Rep.",2019,7.69397116,25.94717644,4.418139935,31.19558846,2.519319979,4.36379,1.75E+12,12.24329749
"Korea, Rep.",2020,8.02722836,28.02566294,4.527060032,31.52486572,2.642977069,4.5214,1.74E+12,12.24156398
"Korea, Rep.",2021,8.34412766,28.54647381,4.555900097,32.49292535,2.619049412,4.59673,1.94E+12,12.28831934
"Korea, Rep.",2022,8.8595314,31.29753338,5.409100056,33.32548693,2.576425604,4.84753,1.80E+12,12.25511881
"Korea, Rep.",2023,8.5650692,28.32251198,5.409100056,31.89122009,2.599257711,4.94352,1.84E+12,12.26594951
Malaysia,2001,2.6753974,18.74538926,7.484469891,24.39821997,2.084922812,0.65254,92783947368,10.96747285
Malaysia,2002,2.66876554,17.67450478,7.657929897,24.77734315,2.219131397,0.65254,1.01E+11,11.00365664
Malaysia,2003,2.92417073,17.62618532,7.502880096,22.76338506,2.614806731,0.65254,1.10E+11,11.04219093
Malaysia,2004,2.86016941,18.88690597,5.923890114,23.0495646,2.263061968,0.5999,1.25E+11,11.09603872
Malaysia,2005,2.78692698,17.68669814,5.923890114,22.39641781,2.173929041,0.5999,1.44E+11,11.15695602
Malaysia,2006,3.10897732,17.71908175,4.485760212,22.70352422,2.007597401,0.61106,1.63E+11,11.21136689
Malaysia,2007,3.07041144,18.11882114,4.372539997,23.40953497,1.958502533,0.61106,1.94E+11,11.28679221
Malaysia,2008,3.00692558,19.56798738,3.958519936,21.45830438,1.824843765,0.78847,2.31E+11,11.36325766
Malaysia,2009,3.2610569,21.67130989,5.974180222,17.83569496,1.871486944,1.01001,2.02E+11,11.30590453
Malaysia,2010,3.16474271,18.23192539,4.966450214,23.3865411,1.490210106,1.03608,2.55E+11,11.40657022
Malaysia,2011,3.31451917,19.73477959,5.76293993,23.18825797,1.552853134,1.03342,2.98E+11,11.47414582
Malaysia,2012,3.45786357,20.979877,5.739029884,25.74862137,1.413330707,1.09269,3.14E+11,11.497542
Malaysia,2013,3.51276922,20.60212043,5.481229782,25.9371067,1.499295799,1.09269,3.23E+11,11.50957378
Malaysia,2014,3.71036959,19.68354439,5.212649822,24.97760843,1.455113016,1.26275,3.38E+11,11.52900162
Malaysia,2015,3.82201481,18.2910432,4.894879818,25.42426328,1.503898427,1.27945,3.01E+11,11.47907879
Malaysia,2016,3.70085335,16.76382131,4.75191021,25.995512,1.384334794,1.41517,3.01E+11,11.47893575
Malaysia,2017,3.71472311,15.82581903,4.675310135,25.54734345,1.100334607,1.41517,3.19E+11,11.50393918
Malaysia,2018,3.75944281,15.92205793,4.478650093,23.89741996,0.960104127,1.04026,3.59E+11,11.55483893
Malaysia,2019,3.83991051,17.35745981,4.15775013,21.04824039,0.893413281,1.04026,3.65E+11,11.56250427
Malaysia,2020,4.08254337,18.47158514,3.911760092,19.65800823,0.99965392,0.95055,3.37E+11,11.52821737
Malaysia,2021,4.37438345,17.25426897,4.261093934,22.1257084,0.982646998,0.95055,3.74E+11,11.57262135
Malaysia,2022,3.90037823,17.89627432,3.49933782,23.58629216,0.902025405,1.0121,4.08E+11,11.61047973
Malaysia,2023,3.95760036,17.00887337,3.514810085,22.80175902,0.981466759,1.0121,4.00E+11,11.60200507
Philippines,2001,2.84775972,16.37615976,2.92463994,18.94517588,1.471378833,0.13263,78921234458,10.89719387
Philippines,2002,2.63767385,16.23981825,2.89222002,20.45913714,1.473890188,0.13263,84307345888,10.92586542
Philippines,2003,3.07663488,16.30398793,2.935179949,19.52873561,1.550844829,0.12527,87039092974,10.93971436
Philippines,2004,3.0468533,15.24835859,2.469830036,20.73100745,1.36062651,0.12527,95001999685,10.97773275
Philippines,2005,3.74253035,16.50757815,2.328069925,18.56653007,1.277883936,0.10692,1.07E+11,11.03108506
Philippines,2006,3.77762938,14.57462912,2.425790071,16.01533777,1.259095392,0.10692,1.28E+11,11.10603078
Philippines,2007,3.75318074,13.88809377,2.485189915,16.12864711,1.291425916,0.10498,1.56E+11,11.19307005
Philippines,2008,3.86315918,13.58159941,2.582829952,18.96714692,1.250329088,0.10498,1.82E+11,11.25917473
Philippines,2009,4.16451931,14.50948568,2.537770033,17.4317212,1.202323394,0.10901,1.76E+11,11.24545037
Philippines,2010,4.13107872,13.79368894,2.537770033,20.44177114,1.170132201,0.10901,2.08E+11,11.31883288
Philippines,2011,4.02518559,13.52119066,2.537770033,20.73993657,1.153414552,0.11222,2.34E+11,11.36961791
Philippines,2012,4.17709208,13.54548137,2.537770033,19.56072797,1.10670419,0.11222,2.62E+11,11.41816956
Philippines,2013,4.27408695,13.207152,2.537770033,20.64222411,1.189501729,0.13207,2.84E+11,11.45316972
Philippines,2014,3.70313668,12.82164777,2.664542381,20.92397044,1.043127066,0.13207,2.97E+11,11.47346296
Philippines,2015,3.8982749,13.47674112,2.830523038,21.34094787,1.08846304,0.15683,3.06E+11,11.48635377
Philippines,2016,3.95484328,13.43514901,3.30128109,24.6185031,1.045585147,0.15683,3.19E+11,11.50328258
Philippines,2017,3.96042776,13.61315757,3.963840874,25.55877386,1.167960834,0.15683,3.28E+11,11.51650991
Philippines,2018,3.9538188,14.21255932,3.855027607,27.15058204,1.184247177,0.32222,3.47E+11,11.54013155
Philippines,2019,4.16646004,14.80730741,3.407486491,26.40180846,1.131331325,0.25926,3.77E+11,11.57613787
Philippines,2020,5.16214037,19.56030292,3.858290513,17.43337903,1.297240039,0.27625,3.62E+11,11.55840991
Philippines,2021,5.97500563,19.13922922,3.872497548,21.14073715,1.406822541,0.27625,3.94E+11,11.59559251
Philippines,2022,5.15588379,18.60688933,3.579600895,24.68586168,1.316301355,0.27625,4.04E+11,11.60676107
Philippines,2023,5.10122538,16.88059034,3.623686347,23.40615162,1.176302682,0.27625,4.37E+11,11.64053672
Saudi Arabia,2001,4.46173573,24.43462019,7.718870163,19.62315138,11.41900489,0.06233,1.84E+11,11.26514248
Saudi Arabia,2002,4.2493763,24.43462019,7.636889935,19.69334282,9.758063801,0.06233,1.90E+11,11.27785177
Saudi Arabia,2003,3.97909737,24.43462019,7.105090141,19.49241238,8.687118465,0.06233,2.16E+11,11.334067
Saudi Arabia,2004,3.58400965,24.43462019,6.277470112,19.86461682,8.081555659,0.05315,2.59E+11,11.41286715
Saudi Arabia,2005,3.4186728,24.43462019,5.430930138,20.1748335,7.730598875,0.0423,3.28E+11,11.51648197
Saudi Arabia,2006,3.61922002,24.43462019,5.891170025,22.21516113,7.848365211,0.04245,3.77E+11,11.57622629
Saudi Arabia,2007,3.56229162,24.43462019,5.891170025,26.47291842,8.527049978,0.04521,4.16E+11,11.61905628
Saudi Arabia,2008,2.97100711,24.43462019,5.13781023,27.29579456,7.353436468,0.04902,5.20E+11,11.7158336
Saudi Arabia,2009,4.29042768,24.43462019,5.13781023,31.71528236,9.617199992,0.07338,4.29E+11,11.63255636
Saudi Arabia,2010,3.64786148,24.43462019,5.13781023,30.92623202,8.565677294,0.884,5.28E+11,11.72280454
Saudi Arabia,2011,3.68218255,22.87561342,5.13781023,26.76579387,7.172399149,0.88541,6.81E+11,11.83293074
Saudi Arabia,2012,3.98779845,25.29804046,5.13781023,26.45783867,7.615807602,0.85824,7.52E+11,11.87617241
Saudi Arabia,2013,4.42293596,25.35429421,5.13781023,26.29495625,8.890191412,0.79069,7.70E+11,11.88635293
Saudi Arabia,2014,5.15800905,27.81873174,5.13781023,28.53283258,10.53506046,0.79069,7.87E+11,11.89605919
Saudi Arabia,2015,5.8620224,30.41871258,5.13781023,32.43393849,13.02283819,0.79069,6.93E+11,11.84099286
Saudi Arabia,2016,6.24142838,26.94053169,5.13781023,28.11705209,9.560482394,0.79069,6.89E+11,11.83839534
Saudi Arabia,2017,6.03126049,25.98097381,5.13781023,25.47572658,9.846226924,0.79069,7.41E+11,11.86997416
Saudi Arabia,2018,5.34063101,26.79552959,5.13781023,22.37270568,8.813335176,0.79069,8.87E+11,11.94771048
Saudi Arabia,2019,5.46743011,26.70970646,5.13781023,25.55228423,7.794588442,0.79069,8.89E+11,11.94884809
Saudi Arabia,2020,6.64630127,31.96890615,5.13781023,23.3158218,8.79217411,0.47618,7.68E+11,11.88533362
Saudi Arabia,2021,5.93033648,25.01273994,5.13781023,26.34264673,7.229219837,0.39379,9.83E+11,11.99240375
Saudi Arabia,2022,5.31400585,21.97004453,5.13781023,26.51599085,6.397422153,0.41439,1.24E+12,12.09309766
Saudi Arabia,2023,5.68722248,24.21913187,4.480879784,29.20163985,7.28424249,0.49487,1.22E+12,12.08585566
Singapore,2001,3.16302657,18.16943219,3.542500019,27.6094318,4.798906801,2.0093,89793790670,10.95324631
Singapore,2002,3.358464,16.14562871,3.878520012,25.07361279,4.893236555,2.03282,92538372870,10.96632186
Singapore,2003,3.60699272,15.93718239,3.981940031,17.22452487,4.837527385,1.99679,97646401096,10.98965624
Singapore,2004,3.15019798,14.39210422,3.652760029,22.89246167,4.384286618,2.07859,1.15E+11,11.06082469
Singapore,2005,3.03367925,12.5938427,3.195960045,21.50693625,4.275043131,2.14806,1.28E+11,11.10655752
Singapore,2006,2.9347465,13.05689223,2.859119892,22.37926344,3.922911194,2.11656,1.49E+11,11.17209855
Singapore,2007,2.83749056,12.14898848,2.946739912,23.06595291,3.602552791,2.31986,1.81E+11,11.25753867
Singapore,2008,3.19488454,14.50491638,2.764600039,30.15967637,3.850026794,2.59673,1.94E+11,11.28694421
Singapore,2009,3.39370513,14.30398892,3.010129929,27.37011521,3.882423347,2.1279,1.94E+11,11.28813803
Singapore,2010,3.1982615,12.41280433,3.080440044,27.65822752,3.38139844,1.92918,2.40E+11,11.37986363
Singapore,2011,3.1539185,12.77265225,3.030770063,26.69199435,3.193874569,2.06955,2.79E+11,11.44615878
Singapore,2012,3.32392788,12.38396238,3.070849895,29.26294267,3.10816619,1.91833,2.95E+11,11.46995874
Singapore,2013,3.68225336,12.37533787,2.85435009,29.97950219,3.038491149,1.92104,3.08E+11,11.48795295
Singapore,2014,3.87132597,13.15106559,3.013586655,29.43000828,3.047860385,2.08228,3.15E+11,11.49812243
Singapore,2015,4.18061399,15.92552594,2.991618705,25.35319302,3.046712659,2.17445,3.08E+11,11.48854867
Singapore,2016,4.37989521,14.41586953,2.944662589,26.39717776,3.095310963,2.06892,3.20E+11,11.50466991
Singapore,2017,4.35978413,14.28799898,2.879163824,27.27651047,2.972010859,1.89683,3.44E+11,11.53614584
Singapore,2018,4.07275724,14.68225578,2.853140116,24.77485368,2.807760391,1.80836,3.77E+11,11.57648384
Singapore,2019,4.40746737,14.17065937,2.727839947,24.5014074,2.759706539,1.88845,3.76E+11,11.57537492
Singapore,2020,5.70015287,25.74563162,2.692270041,22.80539556,2.80306273,2.15983,3.49E+11,11.54303177
Singapore,2021,5.14599705,16.28249736,2.827320099,24.01922349,2.537046388,1.93761,4.37E+11,11.64007516
Singapore,2022,4.33121586,14.8222699,2.474780083,22.21392569,2.406343637,1.80821,5.09E+11,11.706733
Singapore,2023,4.49163246,17.30348294,2.103770018,21.24379777,2.83014132,1.80821,5.05E+11,11.70366919
Sri Lanka,2001,4.05662823,23.81337759,2.055900097,22.0040128,4.286990589,0.1821,15749753805,10.19727377
Sri Lanka,2002,4.03715754,22.90697491,2.055900097,23.28905072,3.34258944,0.1821,16536535647,10.21844453
Sri Lanka,2003,3.64646697,20.47783555,2.055900097,22.02046895,2.868911827,0.1821,18881765437,10.2760426
Sri Lanka,2004,4.03912592,20.71109185,2.055900097,25.25376152,2.997358479,0.1821,20662525941,10.31518341
Sri Lanka,2005,3.87908745,20.19596523,2.055900097,26.82745552,2.639533395,0.1821,24405791045,10.38749289
Sri Lanka,2006,3.85019565,21.14772619,2.055900097,27.97990935,2.798773599,0.1742,28267410543,10.45128603
Sri Lanka,2007,3.82258177,20.04670427,2.055900097,27.95214336,3.260608357,0.1742,32350238760,10.50987749
Sri Lanka,2008,3.85482955,19.21179083,2.055900097,27.55238306,3.243601784,0.11444,40713826215,10.60974192
Sri Lanka,2009,4.05676842,20.95841969,2.055900097,24.43386575,3.16189871,0.11444,42066224093,10.62393353
Sri Lanka,2010,3.7414515,16.30084874,1.661769986,24.43386575,2.70074784,0.13241,58636049434,10.7681647
Sri Lanka,2011,3.5819521,15.57850362,1.742920041,24.43386575,2.685318653,0.13241,67753285897,10.83093036
Sri Lanka,2012,3.30659294,15.06835711,1.453430057,24.43386575,2.155199512,0.13241,70447217164,10.84786384
Sri Lanka,2013,3.69365358,14.15671953,1.564589977,24.43386575,2.154048243,0.0973,76976203829,10.88635649
Sri Lanka,2014,3.46786141,14.20329182,1.858590007,24.43386575,2.412647012,0.09605,82531125191,10.91661777
Sri Lanka,2015,3.6826396,17.08805565,2.109980106,34.27579881,2.417011166,0.10291,85090301052,10.92988006
Sri Lanka,2016,3.61788416,15.66081335,3.229290009,36.45304446,1.979355333,0.12034,88000211172,10.94448371
Sri Lanka,2017,3.33093429,15.33088251,2.593169928,39.72663052,1.976928433,0.11818,94369350286,10.97483097
Sri Lanka,2018,3.6418879,15.28479493,1.987810016,38.05677478,1.734693549,0.11949,94450015983,10.97520204
Sri Lanka,2019,3.70119572,15.93406451,1.987810016,34.10871606,1.752199281,0.11949,88998706297,10.94938369
Sri Lanka,2020,4.27431631,19.06917159,1.557923922,32.87112315,1.739887333,0.11616,84335574582,10.92601081
Sri Lanka,2021,5.19427729,17.46706933,1.506505796,36.73309837,1.712656887,0.11616,88556698938,10.94722142
Sri Lanka,2022,3.98300457,15.74286893,1.203972187,27.27174942,1.343327309,0.10506,74143020263,10.87007027
Sri Lanka,2023,3.68313766,18.11350681,1.827745716,24.58503428,1.640030796,0.10506,83716142582,10.92280921
Thailand,2001,3.02623773,15.74345695,4.81787014,23.11243721,1.429885203,0.25231,1.20E+11,11.08025291
Thailand,2002,3.334723,20.19145549,3.864919901,22.74419377,1.328279555,0.23055,1.34E+11,11.12807894
Thailand,2003,3.24312782,14.85436669,3.725610018,23.82929867,1.232905677,0.24534,1.52E+11,11.18264462
Thailand,2004,3.13893151,15.49155952,4.030889988,25.6814147,1.128356588,0.23828,1.73E+11,11.23778416
Thailand,2005,3.15972233,15.31498103,3.93859005,30.42075086,0.986191841,0.21889,1.89E+11,11.27719284
Thailand,2006,3.09970832,15.06489621,4.05038023,27.01164339,0.950123246,0.23271,2.22E+11,11.34587988
Thailand,2007,3.19277525,16.55114139,3.603149891,25.49601429,1.019189201,0.2008,2.63E+11,11.41986099
Thailand,2008,3.45933938,17.0589483,3.508500099,28.22643495,1.252661887,0.20331,2.91E+11,11.46446418
Thailand,2009,3.61939645,18.41180589,3.861939907,20.63639838,1.540347609,0.23455,2.82E+11,11.44980324
Thailand,2010,3.39009809,17.41141537,3.508460045,25.35665463,1.522555866,0.23455,3.41E+11,11.53288779
Thailand,2011,3.56825495,19.41745836,4.805560112,26.79145825,1.390634503,0.36146,3.71E+11,11.56916167
Thailand,2012,3.5229404,18.62161962,4.536729813,28.02416571,1.389888883,0.36146,3.98E+11,11.59940085
Thailand,2013,3.45313334,19.8172562,4.124010086,27.45710118,1.34525092,0.44163,4.20E+11,11.62359416
Thailand,2014,3.68448091,19.99522733,3.919177519,23.91901955,1.379976048,0.47988,4.07E+11,11.60995604
Thailand,2015,3.8522861,19.39277587,3.863976227,22.35564064,1.337326797,0.61609,4.01E+11,11.60346509
Thailand,2016,3.93900609,19.6652964,3.767617568,21.1054892,1.32516696,0.77829,4.13E+11,11.61633512
Thailand,2017,3.85276842,19.12266355,3.465321476,22.93429569,1.3362762,1.00165,4.56E+11,11.65930454
Thailand,2018,3.87040329,19.01969426,3.197693959,25.21959016,1.326393515,1.11375,5.07E+11,11.70479736
Thailand,2019,3.78911877,18.66658273,3.022214112,23.81475257,1.32729814,1.14317,5.44E+11,11.73558029
Thailand,2020,4.35724688,22.83135746,3.153141717,23.75538517,1.460779281,1.32818,5.00E+11,11.69937102
Thailand,2021,5.15399981,25.13299437,2.982124285,28.66903644,1.418368487,1.20822,5.06E+11,11.70431757
Thailand,2022,5.35471153,22.23204439,2.611870228,27.85842925,1.241052696,1.15902,4.96E+11,11.69517046
Thailand,2023,4.53787661,20.76646846,2.521222196,22.46050999,1.130941795,0.93628,5.16E+11,11.71257082
Turkiye,2001,4.88784933,30.14582781,4.221509933,19.6143622,3.576679708,0.52247,2.02E+11,11.30577058
Turkiye,2002,5.06227875,30.14582781,4.221509933,21.52598936,3.76709151,0.50904,2.41E+11,11.38161682
Turkiye,2003,5.01427698,30.14582781,4.221509933,22.85678113,3.267031195,0.46532,3.15E+11,11.49885191
Turkiye,2004,4.9096446,30.14582781,4.221509933,25.1677734,2.671000294,0.49713,4.10E+11,11.6129499
Turkiye,2005,4.89389706,30.14582781,4.221509933,27.56747087,2.386091053,0.56381,5.08E+11,11.70613225
Turkiye,2006,5.14591694,30.14582781,4.221509933,30.15771492,2.340161338,0.55292,5.60E+11,11.74793057
Turkiye,2007,5.23760796,30.14582781,4.221509933,29.54934133,2.199806604,0.68616,6.85E+11,11.83583541
Turkiye,2008,5.21761751,30.14582781,4.221509933,29.72620075,2.181786995,0.68741,7.75E+11,11.88953473
Turkiye,2009,5.49438715,35.3173242,4.221509933,23.69487567,2.471551275,0.80363,6.54E+11,11.81550765
Turkiye,2010,5.02053452,32.64192299,4.221509933,28.45207778,2.271715151,0.79369,7.83E+11,11.89350969
Turkiye,2011,4.6530509,30.14444081,4.221509933,31.95828623,2.027506036,0.79393,8.44E+11,11.92644149
Turkiye,2012,4.44444656,29.42086041,4.387219906,29.42153821,2.009448118,0.82595,8.85E+11,11.94710401
Turkiye,2013,4.37099934,28.98914261,4.344799995,31.3649432,1.923959665,0.81206,9.62E+11,11.98325075
Turkiye,2014,4.32517862,29.2713083,4.41257,30.21153907,1.871966394,0.8564,9.42E+11,11.97420921
Turkiye,2015,4.11690426,28.84367423,4.305500031,30.06289915,1.812848557,0.96732,8.65E+11,11.93724703
Turkiye,2016,4.28469229,30.60554051,4.627739906,29.82883002,2.050324379,1.11979,8.71E+11,11.93992741
Turkiye,2017,4.17974997,31.55276643,4.323699951,32.7946922,2.050065992,1.17632,8.64E+11,11.93645067
Turkiye,2018,4.12101603,33.14433902,4.297299862,31.34080091,2.522090224,1.27093,7.88E+11,11.89672292
Turkiye,2019,4.35954332,34.89091705,4.447760105,27.50583038,2.689858979,1.3196,7.76E+11,11.88977952
Turkiye,2020,4.61640215,33.45109503,4.033820152,34.15405608,2.195552187,1.36748,7.34E+11,11.86547604
Turkiye,2021,4.56065559,30.20097758,3.537879944,34.37614447,1.858883211,1.40209,8.40E+11,11.92424758
Turkiye,2022,3.70338893,29.06240884,3.095710039,38.60213972,1.658798435,1.32342,9.26E+11,11.9666567
Turkiye,2023,4.27524424,33.02775308,3.095710039,34.58827651,1.719918802,1.42224,1.14E+12,12.05737808
United Arab Emirates,2001,2.48436403,3.921785636,3.860199928,22.50259715,5.612105523,0.47252,1.03E+11,11.01414926
United Arab Emirates,2002,2.71770859,3.921785636,3.860199928,22.54568155,4.875531805,0.47252,1.10E+11,11.04066642
United Arab Emirates,2003,2.64634395,3.921785636,3.860199928,22.12976184,4.692306267,0.47252,1.24E+11,11.09463307
United Arab Emirates,2004,2.46225643,3.921785636,3.860199928,19.97851906,4.61147764,0.47252,1.48E+11,11.16974604
United Arab Emirates,2005,2.3202107,3.921785636,3.860199928,20.16684881,3.656470678,0.47252,1.81E+11,11.25675975
United Arab Emirates,2006,2.3254137,3.921785636,3.860199928,19.27039968,3.225974473,0.47252,2.22E+11,11.3465809
United Arab Emirates,2007,2.56602693,3.921785636,3.860199928,25.19918282,3.28052137,0.47252,2.58E+11,11.41147851
United Arab Emirates,2008,2.92857623,3.921785636,3.860199928,25.09809154,3.668022649,0.47252,3.15E+11,11.49896442
United Arab Emirates,2009,4.05000162,3.921785636,3.860199928,31.63354876,5.457107773,0.47252,2.54E+11,11.40405909
United Arab Emirates,2010,3.74433136,3.921785636,3.860199928,28.91930537,6.038592208,0.47252,3.08E+11,11.4881789
United Arab Emirates,2011,3.56666398,3.921785636,3.860199928,24.77382713,5.466314528,0.47252,3.69E+11,11.56688646
United Arab Emirates,2012,3.33596373,4.051527494,3.860199928,23.42142369,5.075556494,0.47252,3.93E+11,11.59416425
United Arab Emirates,2013,3.50222182,3.819872488,3.860199928,21.14072546,6.034686251,0.47252,4.10E+11,11.61239459
United Arab Emirates,2014,3.53405499,3.695457886,3.860199928,22.12220224,5.643651352,0.67523,4.25E+11,11.6283234
United Arab Emirates,2015,3.46609354,4.02087301,3.860199928,21.643204,5.643651352,0.86569,3.82E+11,11.58203271
United Arab Emirates,2016,3.89580107,4.177303983,3.860199928,20.92925379,5.643651352,0.9318,3.82E+11,11.5817416
United Arab Emirates,2017,4.00854969,3.887390179,3.860199928,20.60359481,5.643651352,0.9318,4.03E+11,11.60569822
United Arab Emirates,2018,4.09854221,3.798088766,3.860199928,21.16113098,5.643651352,1.26389,4.41E+11,11.64400517
United Arab Emirates,2019,4.40291262,4.102894693,3.860199928,23.18532826,5.643651352,1.31065,4.34E+11,11.63741588
United Arab Emirates,2020,5.82477045,5.145953929,3.984179974,22.82665626,5.643651352,1.48831,3.57E+11,11.5528651
United Arab Emirates,2021,5.30494308,4.262214499,3.894040108,25.38300495,5.643651352,1.49469,4.22E+11,11.62576646
United Arab Emirates,2022,4.56536388,3.809757616,3.894040108,26.05848693,5.643651352,1.49469,5.11E+11,11.70876361
United Arab Emirates,2023,4.97095108,3.768717361,3.894040108,26.63867079,5.643651352,1.49469,5.23E+11,11.71818785
Viet Nam,2001,4.80107498,16.1647367,4.886730194,31.17277345,2.128641129,0.19273,32685198809,10.51435113
Viet Nam,2002,3.87075853,16.1647367,4.886730194,33.22053449,2.128641129,0.19273,35064105501,10.54486276
Viet Nam,2003,3.94229889,16.1647367,4.886730194,35.44485796,2.128641129,0.19273,39552513232,10.59717408
Viet Nam,2004,4.08791971,16.1647367,4.886730194,35.46533167,2.01437984,0.19273,45427854693,10.65732223
Viet Nam,2005,4.31821251,16.1647367,4.886730194,33.75740289,1.780960852,0.19273,57633255738,10.76067315
Viet Nam,2006,4.56979847,16.1647367,4.886730194,34.53665108,1.938364584,0.19273,66371664817,10.82198271
Viet Nam,2007,4.62917614,16.1647367,4.886730194,39.5662709,2.304757337,0.19273,77414425532,10.8888219
Viet Nam,2008,4.36028337,16.1647367,4.886730194,36.4931218,2.156372927,0.19273,99130304099,10.99620644
Viet Nam,2009,4.48502922,16.1647367,4.816500187,37.16255543,2.26520867,0.19273,1.06E+11,11.02536592
Viet Nam,2010,5.07146072,16.1647367,4.045949936,37.09907617,1.815395878,0.19273,1.47E+11,11.16791127
Viet Nam,2011,4.97468519,16.1647367,3.780230045,32.37114344,1.556549363,0.14955,1.73E+11,11.23702833
Viet Nam,2012,5.00178242,16.1647367,4.408170223,30.55928977,1.71831332,0.14955,1.96E+11,11.29134811
Viet Nam,2013,4.41233158,16.1647367,4.528339863,30.21290346,1.744077037,0.29932,2.14E+11,11.32982243
Viet Nam,2014,4.69078779,16.1647367,3.540123121,30.28902679,1.822957718,0.29932,2.33E+11,11.36819661
Viet Nam,2015,4.71140909,16.1647367,3.416604497,32.10891582,1.907028056,0.35629,2.39E+11,11.37886706
Viet Nam,2016,4.86994743,16.1647367,3.469069958,31.7245391,1.95056177,0.35629,2.57E+11,11.41009532
Viet Nam,2017,4.99014759,16.1647367,3.418656865,32.30530092,1.803872287,0.41895,2.81E+11,11.44925249
Viet Nam,2018,5.02678823,16.1647367,3.295370102,32.0195029,1.806501389,0.41895,3.10E+11,11.49151084
Viet Nam,2019,4.97407484,16.1647367,3.084998327,31.97996066,1.806501389,0.41652,3.34E+11,11.52422116
Viet Nam,2020,4.33219814,16.1647367,3.216529002,31.91568839,1.806501389,0.41652,3.47E+11,11.53984828
Viet Nam,2021,4.53792429,16.1647367,2.945174888,32.89560234,1.806501389,0.42494,3.66E+11,11.56404406
Viet Nam,2022,4.53809595,16.1647367,2.887386894,32.34049944,1.806501389,0.42494,4.13E+11,11.61641799
Viet Nam,2023,4.56109476,16.1647367,2.887386894,31.64659598,1.806501389,0.41456,4.34E+11,11.63734729
